"dot(grad,param)",epoch,grad_norm,learning_rate,param_size,step,step_size,train/accuracy_epoch,train/accuracy_step,train/loss,val/accuracy,val/loss,val/precision,val/recall
0.6942419409751892,0,24.222566604614258,0.009999999776482582,29.69578742980957,0,0.24222566187381744,,0.11735507100820541,2.6280765533447266,,,,
0.027692779898643494,0,7.870334148406982,0.009999999776482582,35.38854217529297,1,0.07870333641767502,,0.3328050673007965,1.9094569683074951,,,,
-0.30711859464645386,0,1.6364569664001465,0.009999999776482582,41.05249786376953,2,0.0163645688444376,,0.495265394449234,1.6188486814498901,,,,
-0.504031777381897,0,0.9309700131416321,0.009999999776482582,46.22178649902344,3,0.009309699758887291,,0.6443986892700195,1.3641715049743652,,,,
-0.5854551196098328,0,0.5971628427505493,0.009999999776482582,50.85606002807617,4,0.005971628241240978,,0.6974354982376099,1.2277346849441528,,,,
-0.6218625903129578,0,0.4678088426589966,0.009999999776482582,54.9986457824707,5,0.004678088240325451,,0.7156232595443726,1.1316996812820435,,,,
-0.667620837688446,0,0.4145762026309967,0.009999999776482582,58.706119537353516,6,0.004145761951804161,,0.7533516883850098,1.0383549928665161,,,,
-0.6883040070533752,0,0.4681689441204071,0.009999999776482582,62.03184509277344,7,0.004681689199060202,,0.7853552103042603,0.995172381401062,,,,
-0.6969188451766968,0,0.35767045617103577,0.009999999776482582,65.02340698242188,8,0.0035767045337706804,,0.7987257242202759,0.9548730850219727,,,,
-0.7095532417297363,0,0.3216263949871063,0.009999999776482582,67.72096252441406,9,0.0032162638381123543,,0.8252642154693604,0.9192048907279968,,,,
-0.6877439022064209,0,0.31376779079437256,0.009999999776482582,70.1587905883789,10,0.0031376779079437256,,0.7988018989562988,0.927459180355072,,,,
-0.7188896536827087,0,0.32427656650543213,0.009999999776482582,72.36611938476562,11,0.0032427655532956123,,0.849720299243927,0.8583464026451111,,,,
-0.704017698764801,0,0.3281063139438629,0.009999999776482582,74.36810302734375,12,0.0032810631673783064,,0.836664080619812,0.8653584122657776,,,,
-0.685288667678833,0,0.2902705669403076,0.009999999776482582,76.18638610839844,13,0.0029027056880295277,,0.832532525062561,0.852982759475708,,,,
-0.7166327238082886,0,0.27991989254951477,0.009999999776482582,77.83961486816406,14,0.0027991989627480507,,0.8594239950180054,0.7900999784469604,,,,
-0.7175998091697693,0,0.2799410820007324,0.009999999776482582,79.34443664550781,15,0.0027994108386337757,,0.8553975820541382,0.7736182808876038,,,,
-0.7188585996627808,0,0.25214043259620667,0.009999999776482582,80.71505737304688,16,0.0025214042980223894,,0.871945321559906,0.7425950169563293,,,,
-0.6982254981994629,0,0.25440821051597595,0.009999999776482582,81.96440887451172,17,0.0025440820027142763,,0.8616740107536316,0.7530988454818726,,,,
-0.7090972065925598,0,0.2608957588672638,0.009999999776482582,83.103759765625,18,0.0026089574676007032,,0.8748877644538879,0.7079330682754517,,,,
-0.7102274894714355,0,0.2666492462158203,0.009999999776482582,84.14337921142578,19,0.0026664924807846546,,0.8835015296936035,0.6909715533256531,,,,
-0.6666516661643982,0,0.24405202269554138,0.009999999776482582,85.0925064086914,20,0.0024405200965702534,,0.8391039967536926,0.7203649282455444,,,,
-0.6759357452392578,0,0.24172855913639069,0.009999999776482582,85.95935821533203,21,0.0024172854609787464,,0.8626686334609985,0.675443172454834,,,,
-0.6886076927185059,0,0.2264252007007599,0.009999999776482582,86.75162506103516,22,0.002264251932501793,,0.87678062915802,0.6521413326263428,,,,
-0.691129207611084,0,0.21973802149295807,0.009999999776482582,87.47586822509766,23,0.0021973801776766777,,0.8916128873825073,0.620797336101532,,,,
-0.6707356572151184,0,0.22457173466682434,0.009999999776482582,88.13831329345703,24,0.002245717216283083,,0.8870992660522461,0.6256074905395508,,,,
-0.6629722714424133,0,0.2125452756881714,0.009999999776482582,88.74440002441406,25,0.0021254527382552624,,0.887956440448761,0.6221230030059814,,,,
-0.6717461347579956,0,0.21308477222919464,0.009999999776482582,89.29928588867188,26,0.002130847657099366,,0.8935818672180176,0.5900249481201172,,,,
-0.6701789498329163,0,0.21818700432777405,0.009999999776482582,89.80728912353516,27,0.0021818699315190315,,0.909411609172821,0.5718422532081604,,,,
-0.6651217937469482,0,0.2106103003025055,0.009999999776482582,90.27268981933594,28,0.0021061028819531202,,0.9067976474761963,0.557648241519928,,,,
-0.6667680740356445,0,0.2087961882352829,0.009999999776482582,90.6989517211914,29,0.002087961882352829,,0.9094265699386597,0.5350024700164795,,,,
-0.6412995457649231,0,0.2046506106853485,0.009999999776482582,91.08958435058594,30,0.002046506153419614,,0.9025429487228394,0.5467509031295776,,,,
-0.6360116004943848,0,0.21269460022449493,0.009999999776482582,91.44754028320312,31,0.0021269458811730146,,0.9016363620758057,0.5396342277526855,,,,
-0.6343470811843872,0,0.20378684997558594,0.009999999776482582,91.77564239501953,32,0.002037868369370699,,0.9105948209762573,0.5198901295661926,,,,
-0.6373786330223083,0,0.19316460192203522,0.009999999776482582,92.07657623291016,33,0.001931646023876965,,0.9287015199661255,0.48365533351898193,,,,
-0.6305443048477173,0,0.1925603300333023,0.009999999776482582,92.35255432128906,34,0.0019256032537668943,,0.9191690683364868,0.4798476994037628,,,,
-0.6146801710128784,0,0.19377394020557404,0.009999999776482582,92.6057357788086,35,0.0019377393182367086,,0.923346757888794,0.4843457341194153,,,,
-0.5830765962600708,0,0.17836923897266388,0.009999999776482582,92.83837890625,36,0.0017836923943832517,,0.8993222713470459,0.5061733722686768,,,,
-0.6059427857398987,0,0.18750345706939697,0.009999999776482582,93.05245971679688,37,0.0018750345334410667,,0.926253080368042,0.458594411611557,,,,
-0.5925644040107727,0,0.18642199039459229,0.009999999776482582,93.24937438964844,38,0.00186421989928931,,0.9226829409599304,0.44309502840042114,,,,
-0.5708354711532593,0,0.18425901234149933,0.009999999776482582,93.43094635009766,39,0.0018425900489091873,,0.9136168956756592,0.4652051627635956,,,,
-0.5848550200462341,0,0.1658741980791092,0.009999999776482582,93.59830474853516,40,0.0016587419668212533,,0.9255644083023071,0.42753714323043823,,,,
-0.5691651701927185,0,0.1687653511762619,0.009999999776482582,93.75281524658203,41,0.001687653479166329,,0.9161051511764526,0.4227849245071411,,,,
-0.5646700263023376,0,0.1878354400396347,0.009999999776482582,93.89547729492188,42,0.0018783543491736054,,0.9264698028564453,0.4205307364463806,,,,
-0.5553327798843384,0,0.1720094233751297,0.009999999776482582,94.0275650024414,43,0.0017200942384079099,,0.9239935874938965,0.4120453894138336,,,,
-0.5544208288192749,0,0.15767446160316467,0.009999999776482582,94.14984130859375,44,0.0015767446020618081,,0.936786413192749,0.3823114037513733,,,,
-0.5607497692108154,0,0.16568519175052643,0.009999999776482582,94.26322937011719,45,0.0016568518476560712,,0.938847541809082,0.37195467948913574,,,,
-0.5428373217582703,0,0.15458859503269196,0.009999999776482582,94.36834716796875,46,0.0015458859270438552,,0.9484989643096924,0.35184428095817566,,,,
-0.5341567993164062,0,0.18507926166057587,0.009999999776482582,94.46602630615234,47,0.0018507925560697913,,0.9371786117553711,0.370054692029953,,,,
-0.5275790095329285,0,0.1739072948694229,0.009999999776482582,94.55667877197266,48,0.0017390729626640677,,0.9404549598693848,0.3562755286693573,,,,
-0.5333409309387207,0,0.15587492287158966,0.009999999776482582,94.64094543457031,49,0.0015587492380291224,,0.9464212656021118,0.3307318389415741,,,,
-0.5164734721183777,0,0.15139926970005035,0.009999999776482582,94.71953582763672,50,0.0015139926690608263,,0.9543354511260986,0.3372223973274231,,,,
-0.5076926350593567,0,0.1527712345123291,0.009999999776482582,94.79315185546875,51,0.0015277123311534524,,0.9406446218490601,0.35484549403190613,,,,
-0.5114444494247437,0,0.14759349822998047,0.009999999776482582,94.86204528808594,52,0.0014759349869564176,,0.9501384496688843,0.31781864166259766,,,,
-0.509303092956543,0,0.16069220006465912,0.009999999776482582,94.92671203613281,53,0.0016069220146164298,,0.9541006088256836,0.301076203584671,,,,
-0.5049682855606079,0,0.13820451498031616,0.009999999776482582,94.98739624023438,54,0.00138204509858042,,0.9579142332077026,0.2863679528236389,,,,
-0.47549155354499817,0,0.16914619505405426,0.009999999776482582,95.0447998046875,55,0.0016914618900045753,,0.9398073554039001,0.3348976671695709,,,,
-0.4760107696056366,0,0.17722731828689575,0.009999999776482582,95.09883117675781,56,0.0017722730990499258,,0.9418206214904785,0.30249810218811035,,,,
-0.45732536911964417,0,0.14774011075496674,0.009999999776482582,95.1494140625,57,0.001477401121519506,,0.9353653192520142,0.3171367049217224,,,,
-0.47849541902542114,0,0.16813677549362183,0.009999999776482582,95.19702911376953,58,0.0016813677502796054,,0.9612863659858704,0.28468137979507446,,,,
,0,,,,58,,,,,0.956203043460846,0.3280850648880005,0.9570598602294922,0.956203043460846
,0,,,,58,,0.8565357327461243,,,,,,
-0.4586317539215088,1,0.14348962903022766,0.009999999776482582,95.2420883178711,59,0.0014348962577059865,,0.9571521282196045,0.2902567684650421,,,,
-0.4595085680484772,1,0.13997437059879303,0.009999999776482582,95.28462982177734,60,0.001399743719957769,,0.9656623005867004,0.24255764484405518,,,,
-0.4466766119003296,1,0.14776933193206787,0.009999999776482582,95.3252944946289,61,0.0014776933239772916,,0.9551408290863037,0.2725004255771637,,,,
-0.44305136799812317,1,0.14533838629722595,0.009999999776482582,95.36466979980469,62,0.0014533838257193565,,0.9481194019317627,0.2614344656467438,,,,
-0.44441887736320496,1,0.14677086472511292,0.009999999776482582,95.40261840820312,63,0.001467708614654839,,0.9581361413002014,0.2645814120769501,,,,
-0.42495864629745483,1,0.14694130420684814,0.009999999776482582,95.43914794921875,64,0.0014694130513817072,,0.9502664804458618,0.26460424065589905,,,,
-0.43766605854034424,1,0.17160667479038239,0.009999999776482582,95.473876953125,65,0.0017160667339339852,,0.9631803035736084,0.2363969385623932,,,,
-0.4354782700538635,1,0.13723088800907135,0.009999999776482582,95.50721740722656,66,0.0013723088195547462,,0.9679375886917114,0.22704270482063293,,,,
-0.43124163150787354,1,0.14184677600860596,0.009999999776482582,95.53911590576172,67,0.0014184677274897695,,0.9742990136146545,0.2190992683172226,,,,
-0.41342097520828247,1,0.1486697643995285,0.009999999776482582,95.56965637207031,68,0.0014866975834593177,,0.9655973315238953,0.22927072644233704,,,,
-0.4123840630054474,1,0.18610815703868866,0.009999999776482582,95.59906768798828,69,0.0018610815750434995,,0.9586710333824158,0.23147666454315186,,,,
-0.4052209258079529,1,0.1255488097667694,0.009999999776482582,95.62764739990234,70,0.0012554880231618881,,0.965908944606781,0.20696601271629333,,,,
-0.39748337864875793,1,0.14415478706359863,0.009999999776482582,95.65570068359375,71,0.001441547879949212,,0.9677526950836182,0.2122858315706253,,,,
-0.41325125098228455,1,0.14566361904144287,0.009999999776482582,95.68260192871094,72,0.0014566361205652356,,0.9784455299377441,0.20284748077392578,,,,
-0.3804214894771576,1,0.14638635516166687,0.009999999776482582,95.70845794677734,73,0.0014638635329902172,,0.9631029367446899,0.2193242311477661,,,,
-0.3809143304824829,1,0.12214618176221848,0.009999999776482582,95.73368835449219,74,0.0012214618036523461,,0.9698882102966309,0.19983871281147003,,,,
-0.3699311316013336,1,0.12094473838806152,0.009999999776482582,95.75786590576172,75,0.001209447393193841,,0.9710551500320435,0.19781772792339325,,,,
-0.3830223083496094,1,0.14706015586853027,0.009999999776482582,95.7813949584961,76,0.0014706015354022384,,0.9671043157577515,0.20179735124111176,,,,
-0.36508437991142273,1,0.14474418759346008,0.009999999776482582,95.80404663085938,77,0.001447441871277988,,0.9640253782272339,0.2133644074201584,,,,
-0.35933730006217957,1,0.1483142226934433,0.009999999776482582,95.82601928710938,78,0.0014831421431154013,,0.9677907824516296,0.20359501242637634,,,,
-0.3629915118217468,1,0.19154849648475647,0.009999999776482582,95.8475112915039,79,0.0019154848996549845,,0.9713932871818542,0.19029337167739868,,,,
-0.35620224475860596,1,0.1313106119632721,0.009999999776482582,95.86900329589844,80,0.001313106040470302,,0.9662233591079712,0.19251097738742828,,,,
-0.35541051626205444,1,0.11127113550901413,0.009999999776482582,95.89014434814453,81,0.0011127113830298185,,0.9776334762573242,0.17499692738056183,,,,
-0.3495386838912964,1,0.12684711813926697,0.009999999776482582,95.9111557006836,82,0.0012684711255133152,,0.9776893854141235,0.1717611849308014,,,,
-0.34417763352394104,1,0.14438408613204956,0.009999999776482582,95.93177795410156,83,0.0014438407961279154,,0.9684910774230957,0.1793011724948883,,,,
-0.3237510621547699,1,0.1477036029100418,0.009999999776482582,95.95217895507812,84,0.0014770360430702567,,0.9620410203933716,0.19613614678382874,,,,
-0.3412485420703888,1,0.20474407076835632,0.009999999776482582,95.9721450805664,85,0.0020474407356232405,,0.9733365178108215,0.18298286199569702,,,,
-0.34389549493789673,1,0.11606163531541824,0.009999999776482582,95.9918441772461,86,0.0011606162879616022,,0.9798343181610107,0.1597212702035904,,,,
-0.3412233293056488,1,0.19644366204738617,0.009999999776482582,96.01105499267578,87,0.001964436611160636,,0.9772459268569946,0.1531088799238205,,,,
-0.34062162041664124,1,0.13083906471729279,0.009999999776482582,96.03002166748047,88,0.0013083906378597021,,0.9781519770622253,0.15819628536701202,,,,
-0.3289198875427246,1,0.12708385288715363,0.009999999776482582,96.04846954345703,89,0.0012708385474979877,,0.9692320823669434,0.16656789183616638,,,,
-0.337116003036499,1,0.15320728719234467,0.009999999776482582,96.06707763671875,90,0.001532072783447802,,0.978694498538971,0.15050330758094788,,,,
-0.3164655864238739,1,0.14399637281894684,0.009999999776482582,96.08512878417969,91,0.0014399637002497911,,0.9690572023391724,0.17288942635059357,,,,
-0.32724496722221375,1,0.12211837619543076,0.009999999776482582,96.1028060913086,92,0.0012211836874485016,,0.9813367128372192,0.14416053891181946,,,,
-0.31167158484458923,1,0.12972941994667053,0.009999999776482582,96.11992645263672,93,0.0012972941622138023,,0.9728378057479858,0.14381873607635498,,,,
-0.30730384588241577,1,0.13109973073005676,0.009999999776482582,96.13672637939453,94,0.001310997293330729,,0.9740797877311707,0.1531037986278534,,,,
-0.3159239888191223,1,0.13710859417915344,0.009999999776482582,96.15327453613281,95,0.0013710858765989542,,0.9743881225585938,0.14793647825717926,,,,
-0.3184396028518677,1,0.17831064760684967,0.009999999776482582,96.17061614990234,96,0.0017831064760684967,,0.981092095375061,0.14018192887306213,,,,
-0.3130338788032532,1,0.14366702735424042,0.009999999776482582,96.18791198730469,97,0.0014366701943799853,,0.9891847372055054,0.12594357132911682,,,,
-0.2970306873321533,1,0.1389523595571518,0.009999999776482582,96.20496368408203,98,0.0013895236188545823,,0.9751408100128174,0.15460926294326782,,,,
-0.28934165835380554,1,0.16792041063308716,0.009999999776482582,96.22127532958984,99,0.00167920405510813,,0.972747802734375,0.1538281887769699,,,,
-0.3124668300151825,1,0.14144469797611237,0.009999999776482582,96.23751831054688,100,0.0014144469751045108,,0.983391523361206,0.12990157306194305,,,,
-0.2940279245376587,1,0.1827453076839447,0.009999999776482582,96.25334167480469,101,0.0018274530302733183,,0.9758962392807007,0.14573583006858826,,,,
-0.2843269407749176,1,0.1438951939344406,0.009999999776482582,96.26921081542969,102,0.0014389519346877933,,0.9701014757156372,0.1426953673362732,,,,
-0.29087886214256287,1,0.13845650851726532,0.009999999776482582,96.28494262695312,103,0.0013845650246366858,,0.9770673513412476,0.13476398587226868,,,,
-0.28369414806365967,1,0.15672318637371063,0.009999999776482582,96.30084228515625,104,0.001567231840454042,,0.9777870774269104,0.13525843620300293,,,,
-0.2917567491531372,1,0.17419518530368805,0.009999999776482582,96.31629943847656,105,0.001741951797157526,,0.9873894453048706,0.12395847588777542,,,,
-0.269477903842926,1,0.11524491012096405,0.009999999776482582,96.33136749267578,106,0.0011524490546435118,,0.978397011756897,0.13196483254432678,,,,
-0.28637605905532837,1,0.12901122868061066,0.009999999776482582,96.34624481201172,107,0.001290112268179655,,0.9822787642478943,0.12022742629051208,,,,
-0.26997917890548706,1,0.16319586336612701,0.009999999776482582,96.36103057861328,108,0.0016319586429744959,,0.9768139123916626,0.13579002022743225,,,,
-0.26532286405563354,1,0.14746080338954926,0.009999999776482582,96.37549591064453,109,0.0014746079687029123,,0.9783515930175781,0.1365416944026947,,,,
-0.2742926776409149,1,0.12600460648536682,0.009999999776482582,96.38999938964844,110,0.001260046032257378,,0.9797576665878296,0.12208554893732071,,,,
-0.26491284370422363,1,0.1254749447107315,0.009999999776482582,96.40486907958984,111,0.0012547493679448962,,0.9775614738464355,0.12564842402935028,,,,
-0.2577531933784485,1,0.13649067282676697,0.009999999776482582,96.42022705078125,112,0.0013649066677317023,,0.9763816595077515,0.13578888773918152,,,,
-0.2596929669380188,1,0.13311807811260223,0.009999999776482582,96.43606567382812,113,0.0013311807997524738,,0.9825413227081299,0.11412955820560455,,,,
-0.26027825474739075,1,0.13935573399066925,0.009999999776482582,96.45162200927734,114,0.0013935572933405638,,0.9842276573181152,0.12616023421287537,,,,
-0.2478446215391159,1,0.1714411824941635,0.009999999776482582,96.4665756225586,115,0.0017144117737188935,,0.9757229089736938,0.1267496943473816,,,,
-0.2576809227466583,1,0.12078157812356949,0.009999999776482582,96.48146057128906,116,0.0012078157160431147,,0.9815793037414551,0.11428116261959076,,,,
-0.249410018324852,1,0.13818180561065674,0.009999999776482582,96.49562072753906,117,0.0013818179722875357,,0.9808207750320435,0.12214092165231705,,,,
,1,,,,117,,,,,0.982900857925415,0.13622699677944183,0.9833942651748657,0.982900857925415
,1,,,,117,,0.9724017977714539,,,,,,
-0.24422048032283783,2,0.13620376586914062,0.009999999776482582,96.50930786132812,118,0.0013620376121252775,,0.983842134475708,0.11583582311868668,,,,
-0.2584878206253052,2,0.12951703369617462,0.009999999776482582,96.52271270751953,119,0.0012951702810823917,,0.9858644008636475,0.1070394217967987,,,,
-0.24593143165111542,2,0.12876330316066742,0.009999999776482582,96.53636169433594,120,0.0012876329710707068,,0.979903519153595,0.12365645170211792,,,,
-0.2384750097990036,2,0.1457541584968567,0.009999999776482582,96.55072784423828,121,0.0014575415989384055,,0.9755538105964661,0.12215922027826309,,,,
-0.26258111000061035,2,0.16577653586864471,0.009999999776482582,96.56462860107422,122,0.0016577653586864471,,0.9873172044754028,0.10166563838720322,,,,
-0.25024351477622986,2,0.14227250218391418,0.009999999776482582,96.57881164550781,123,0.0014227250358089805,,0.9823101758956909,0.11485573649406433,,,,
-0.24898841977119446,2,0.12733407318592072,0.009999999776482582,96.59288787841797,124,0.001273340662010014,,0.9839603900909424,0.10167087614536285,,,,
-0.22625140845775604,2,0.11435922980308533,0.009999999776482582,96.60694885253906,125,0.0011435922933742404,,0.9853915572166443,0.1121126115322113,,,,
-0.23561643064022064,2,0.13306672871112823,0.009999999776482582,96.62146759033203,126,0.0013306672917678952,,0.9901582598686218,0.0858694538474083,,,,
-0.2255333811044693,2,0.13754157721996307,0.009999999776482582,96.63578033447266,127,0.0013754157116636634,,0.9828270673751831,0.10850124806165695,,,,
-0.23050890862941742,2,0.20906656980514526,0.009999999776482582,96.64999389648438,128,0.0020906657446175814,,0.9759164452552795,0.12310720235109329,,,,
-0.2243512123823166,2,0.12492547184228897,0.009999999776482582,96.66410064697266,129,0.0012492546811699867,,0.9829270839691162,0.10595006495714188,,,,
-0.23052874207496643,2,0.13107629120349884,0.009999999776482582,96.67857360839844,130,0.0013107628328725696,,0.9873241782188416,0.10568130761384964,,,,
-0.2377152144908905,2,0.1214509978890419,0.009999999776482582,96.69332122802734,131,0.001214509946294129,,0.9857275485992432,0.09924227744340897,,,,
-0.23332835733890533,2,0.1312578320503235,0.009999999776482582,96.70820617675781,132,0.0013125783298164606,,0.9902883768081665,0.09610623866319656,,,,
-0.22095167636871338,2,0.09481249749660492,0.009999999776482582,96.72295379638672,133,0.0009481249726377428,,0.9837347269058228,0.09707926213741302,,,,
-0.2128003090620041,2,0.149104043841362,0.009999999776482582,96.73773193359375,134,0.0014910404570400715,,0.979214608669281,0.1039927527308464,,,,
-0.2081478387117386,2,0.1445915699005127,0.009999999776482582,96.75153350830078,135,0.0014459156664088368,,0.9771878123283386,0.10675785690546036,,,,
-0.20465148985385895,2,0.10600075870752335,0.009999999776482582,96.76526641845703,136,0.001060007605701685,,0.9844906330108643,0.10565818846225739,,,,
-0.2132548987865448,2,0.09644030779600143,0.009999999776482582,96.77830505371094,137,0.0009644030360504985,,0.9867010712623596,0.09015358239412308,,,,
-0.2289639711380005,2,0.20401574671268463,0.009999999776482582,96.791015625,138,0.00204015732742846,,0.9902137517929077,0.08472079038619995,,,,
-0.207038015127182,2,0.14064763486385345,0.009999999776482582,96.80410766601562,139,0.001406476367264986,,0.9821830987930298,0.09417461603879929,,,,
-0.20569495856761932,2,0.11223035305738449,0.009999999776482582,96.81692504882812,140,0.0011223035398870707,,0.9885343313217163,0.08624482154846191,,,,
-0.2223287671804428,2,0.16220806539058685,0.009999999776482582,96.82931518554688,141,0.0016220805700868368,,0.9837638139724731,0.09609682112932205,,,,
-0.20458008348941803,2,0.15831121802330017,0.009999999776482582,96.84156799316406,142,0.001583112170919776,,0.984359085559845,0.10112757235765457,,,,
-0.2116461545228958,2,0.0993049293756485,0.009999999776482582,96.85418701171875,143,0.0009930492378771305,,0.9866625666618347,0.09021744132041931,,,,
-0.19916924834251404,2,0.1211266815662384,0.009999999776482582,96.8680648803711,144,0.0012112667318433523,,0.9816645383834839,0.0927458181977272,,,,
-0.20943871140480042,2,0.15024599432945251,0.009999999776482582,96.88309478759766,145,0.0015024598687887192,,0.992568850517273,0.07595520466566086,,,,
-0.20873820781707764,2,0.1513448804616928,0.009999999776482582,96.89818572998047,146,0.0015134487766772509,,0.9797896146774292,0.10005685687065125,,,,
-0.19914531707763672,2,0.10102113336324692,0.009999999776482582,96.91336822509766,147,0.001010211301036179,,0.989016056060791,0.08348581939935684,,,,
-0.20304229855537415,2,0.11377401649951935,0.009999999776482582,96.92823791503906,148,0.0011377400951460004,,0.9912546277046204,0.07789204269647598,,,,
-0.2068156599998474,2,0.16413472592830658,0.009999999776482582,96.9421157836914,149,0.0016413471894338727,,0.9902459383010864,0.08240586519241333,,,,
-0.1824086755514145,2,0.13940702378749847,0.009999999776482582,96.95590209960938,150,0.0013940702192485332,,0.9766173362731934,0.09757519513368607,,,,
-0.18414361774921417,2,0.10507317632436752,0.009999999776482582,96.96961212158203,151,0.0010507317492738366,,0.9870366454124451,0.08068571239709854,,,,
-0.19312700629234314,2,0.11982596665620804,0.009999999776482582,96.9833984375,152,0.0011982596479356289,,0.983680248260498,0.08720357716083527,,,,
-0.1864928901195526,2,0.09390034526586533,0.009999999776482582,96.99654388427734,153,0.000939003424718976,,0.9849526882171631,0.08460822701454163,,,,
-0.19245211780071259,2,0.11284150928258896,0.009999999776482582,97.00990295410156,154,0.001128415111452341,,0.984713077545166,0.09478593617677689,,,,
-0.18965323269367218,2,0.09801607578992844,0.009999999776482582,97.02247619628906,155,0.0009801607811823487,,0.9823027849197388,0.08659281581640244,,,,
-0.18277999758720398,2,0.09617223590612411,0.009999999776482582,97.0350341796875,156,0.0009617223404347897,,0.9875903129577637,0.07810920476913452,,,,
-0.18791979551315308,2,0.12471824139356613,0.009999999776482582,97.04756164550781,157,0.0012471823720261455,,0.9903621077537537,0.0788949504494667,,,,
-0.1878652572631836,2,0.09961617738008499,0.009999999776482582,97.06026458740234,158,0.0009961617179214954,,0.9913572669029236,0.06863156706094742,,,,
-0.18819424510002136,2,0.10228484869003296,0.009999999776482582,97.0728530883789,159,0.0010228484170511365,,0.9863810539245605,0.08474592864513397,,,,
-0.1768515557050705,2,0.09910144656896591,0.009999999776482582,97.08499145507812,160,0.0009910144144669175,,0.9847058057785034,0.07450855523347855,,,,
-0.18264015018939972,2,0.09617754071950912,0.009999999776482582,97.0969009399414,161,0.0009617753676138818,,0.9901286363601685,0.06856073439121246,,,,
-0.18327347934246063,2,0.0872257724404335,0.009999999776482582,97.1087875366211,162,0.0008722576894797385,,0.9931842088699341,0.0688103437423706,,,,
-0.17263761162757874,2,0.08682868629693985,0.009999999776482582,97.12071990966797,163,0.0008682868210598826,,0.9904886484146118,0.06653910130262375,,,,
-0.16705173254013062,2,0.09592408686876297,0.009999999776482582,97.13255310058594,164,0.0009592408314347267,,0.9839906692504883,0.08211500942707062,,,,
-0.17851190268993378,2,0.08068844676017761,0.009999999776482582,97.14409637451172,165,0.0008068844326771796,,0.9857445359230042,0.06868108361959457,,,,
-0.176481693983078,2,0.09809063374996185,0.009999999776482582,97.15543365478516,166,0.0009809063049033284,,0.9876565337181091,0.07355375587940216,,,,
-0.17480628192424774,2,0.10307717323303223,0.009999999776482582,97.16677856445312,167,0.0010307717602699995,,0.9896028637886047,0.07534366846084595,,,,
-0.17609575390815735,2,0.08852533996105194,0.009999999776482582,97.17761993408203,168,0.0008852533646859229,,0.9893496036529541,0.07374358922243118,,,,
-0.16822798550128937,2,0.13676884770393372,0.009999999776482582,97.18899536132812,169,0.001367688411846757,,0.9817095994949341,0.0842728242278099,,,,
-0.1673043668270111,2,0.09387204796075821,0.009999999776482582,97.19971466064453,170,0.0009387204772792757,,0.9868537187576294,0.07805263996124268,,,,
-0.16679508984088898,2,0.09237924218177795,0.009999999776482582,97.21002197265625,171,0.000923792424146086,,0.9913567900657654,0.07010738551616669,,,,
-0.18148499727249146,2,0.08025176078081131,0.009999999776482582,97.22015380859375,172,0.0008025175775401294,,0.9903669953346252,0.06444793939590454,,,,
-0.1625543236732483,2,0.09746623784303665,0.009999999776482582,97.23062896728516,173,0.0009746623691171408,,0.987138569355011,0.07724801450967789,,,,
-0.1525512933731079,2,0.11554263532161713,0.009999999776482582,97.24125671386719,174,0.0011554263764992356,,0.9809879660606384,0.08251756429672241,,,,
-0.16925042867660522,2,0.08142994344234467,0.009999999776482582,97.25263214111328,175,0.0008142993901856244,,0.9893969893455505,0.06224413961172104,,,,
-0.15973512828350067,2,0.09066706895828247,0.009999999776482582,97.2638931274414,176,0.0009066706406883895,,0.9890764951705933,0.061776839196681976,,,,
,2,,,,176,,,,,0.9883151650428772,0.06786468625068665,0.9883774518966675,0.9883151650428772
,2,,,,176,,0.9856992363929749,,,,,,
-0.1554567664861679,3,0.10659213364124298,0.009999999776482582,97.27519226074219,177,0.0010659212712198496,,0.9866878986358643,0.0786265954375267,,,,
-0.16641440987586975,3,0.0832994356751442,0.009999999776482582,97.28654479980469,178,0.0008329943520948291,,0.9942417740821838,0.062718465924263,,,,
-0.17090275883674622,3,0.08811409771442413,0.009999999776482582,97.29830932617188,179,0.0008811409352347255,,0.9932013154029846,0.058935221284627914,,,,
-0.17619629204273224,3,0.10630322247743607,0.009999999776482582,97.30986785888672,180,0.0010630321921780705,,0.9918708801269531,0.06627963483333588,,,,
-0.16227370500564575,3,0.13403457403182983,0.009999999776482582,97.32061004638672,181,0.001340345712378621,,0.9869265556335449,0.06995288282632828,,,,
-0.15740303695201874,3,0.09939048439264297,0.009999999776482582,97.33159637451172,182,0.0009939047740772367,,0.9856072068214417,0.07711690664291382,,,,
-0.16006755828857422,3,0.07163352519273758,0.009999999776482582,97.34246063232422,183,0.0007163352565839887,,0.9923542141914368,0.05920010432600975,,,,
-0.15478429198265076,3,0.06261808425188065,0.009999999776482582,97.35320281982422,184,0.0006261808448471129,,0.9951984882354736,0.05710175633430481,,,,
-0.1498880535364151,3,0.09446828812360764,0.009999999776482582,97.36392974853516,185,0.0009446828626096249,,0.9845778942108154,0.0709734857082367,,,,
-0.1507839560508728,3,0.10195004940032959,0.009999999776482582,97.37467956542969,186,0.0010195004288107157,,0.9851404428482056,0.0713714212179184,,,,
-0.15433171391487122,3,0.09275192022323608,0.009999999776482582,97.38562774658203,187,0.0009275191696360707,,0.9904060363769531,0.05955497547984123,,,,
-0.1475195437669754,3,0.07705344259738922,0.009999999776482582,97.39714050292969,188,0.0007705343887209892,,0.9936313033103943,0.056271038949489594,,,,
-0.16089823842048645,3,0.08391112089157104,0.009999999776482582,97.4086685180664,189,0.0008391111623495817,,0.9932949542999268,0.060452308505773544,,,,
-0.14770497381687164,3,0.11052210628986359,0.009999999776482582,97.42037200927734,190,0.00110522098839283,,0.9874248504638672,0.07291995733976364,,,,
-0.15277449786663055,3,0.07866916805505753,0.009999999776482582,97.43199157714844,191,0.0007866916712373495,,0.9902609586715698,0.05973055958747864,,,,
-0.1500091552734375,3,0.10475833714008331,0.009999999776482582,97.4432144165039,192,0.0010475832968950272,,0.9903582334518433,0.06604862213134766,,,,
-0.15145952999591827,3,0.09120810031890869,0.009999999776482582,97.4540786743164,193,0.0009120809845626354,,0.9925528168678284,0.05868474394083023,,,,
-0.14736633002758026,3,0.07910666614770889,0.009999999776482582,97.46463012695312,194,0.0007910666172392666,,0.9960603713989258,0.04684894531965256,,,,
-0.1469162553548813,3,0.10794644802808762,0.009999999776482582,97.47480010986328,195,0.001079464447684586,,0.9892638921737671,0.06677398085594177,,,,
-0.15007440745830536,3,0.08833948522806168,0.009999999776482582,97.48503112792969,196,0.0008833948522806168,,0.9904652833938599,0.058894697576761246,,,,
-0.1437469720840454,3,0.10996450483798981,0.009999999776482582,97.49530029296875,197,0.0010996450437232852,,0.9888178110122681,0.05966760963201523,,,,
-0.13407455384731293,3,0.09063609689474106,0.009999999776482582,97.50579071044922,198,0.0009063609759323299,,0.9904468059539795,0.05256090685725212,,,,
-0.13981102406978607,3,0.0759759396314621,0.009999999776482582,97.51638793945312,199,0.0007597593939863145,,0.9900665283203125,0.05714323744177818,,,,
-0.14975914359092712,3,0.07987478375434875,0.009999999776482582,97.52699279785156,200,0.0007987478165887296,,0.992680549621582,0.054213620722293854,,,,
-0.1455536037683487,3,0.08742712438106537,0.009999999776482582,97.53746032714844,201,0.0008742712088860571,,0.9910945296287537,0.06456504017114639,,,,
-0.15098941326141357,3,0.08366146683692932,0.009999999776482582,97.5479736328125,202,0.0008366146357730031,,0.9960315227508545,0.05244752764701843,,,,
-0.13596555590629578,3,0.08458850532770157,0.009999999776482582,97.55816650390625,203,0.0008458850206807256,,0.9910175800323486,0.05876301974058151,,,,
-0.12735344469547272,3,0.09483876079320908,0.009999999776482582,97.56867218017578,204,0.0009483876056037843,,0.9873605966567993,0.06765519827604294,,,,
-0.1398133784532547,3,0.08543947339057922,0.009999999776482582,97.57901763916016,205,0.0008543946896679699,,0.9891114234924316,0.05645231902599335,,,,
-0.13383018970489502,3,0.06938986480236053,0.009999999776482582,97.58930969238281,206,0.0006938986480236053,,0.9901025295257568,0.05456959828734398,,,,
-0.1338893324136734,3,0.08062691986560822,0.009999999776482582,97.59976959228516,207,0.0008062691777013242,,0.9894368648529053,0.0643373355269432,,,,
-0.1430944949388504,3,0.07548923790454865,0.009999999776482582,97.60983276367188,208,0.000754892360419035,,0.9943019151687622,0.05234215036034584,,,,
-0.14394696056842804,3,0.08777876198291779,0.009999999776482582,97.61970520019531,209,0.0008777875918895006,,0.9951578378677368,0.045927729457616806,,,,
-0.13733288645744324,3,0.08162796497344971,0.009999999776482582,97.62940216064453,210,0.0008162796148099005,,0.9899644255638123,0.04959537461400032,,,,
-0.13324511051177979,3,0.07731744647026062,0.009999999776482582,97.63898468017578,211,0.0007731744553893805,,0.9903276562690735,0.052886031568050385,,,,
-0.13256175816059113,3,0.07969018816947937,0.009999999776482582,97.64881134033203,212,0.0007969018770381808,,0.9871493577957153,0.05284080281853676,,,,
-0.13339173793792725,3,0.0901116281747818,0.009999999776482582,97.6591567993164,213,0.0009011162328533828,,0.9873067140579224,0.06119781360030174,,,,
-0.1256067156791687,3,0.09406031668186188,0.009999999776482582,97.6695327758789,214,0.0009406031458638608,,0.9862765669822693,0.055213529616594315,,,,
-0.13145804405212402,3,0.08963121473789215,0.009999999776482582,97.67938232421875,215,0.0008963121217675507,,0.9904296398162842,0.0528082475066185,,,,
-0.1350306123495102,3,0.08613917976617813,0.009999999776482582,97.68939208984375,216,0.0008613917743787169,,0.9902687072753906,0.049863360822200775,,,,
-0.12235372513532639,3,0.09429467469453812,0.009999999776482582,97.70003509521484,217,0.0009429467027075589,,0.9861404895782471,0.06562595814466476,,,,
-0.1378515213727951,3,0.07699649780988693,0.009999999776482582,97.71067810058594,218,0.0007699649431742728,,0.9969930648803711,0.04164954274892807,,,,
-0.1258862316608429,3,0.06687992811203003,0.009999999776482582,97.72151184082031,219,0.0006687992718070745,,0.9963344931602478,0.04182141646742821,,,,
-0.1139613464474678,3,0.09599045664072037,0.009999999776482582,97.73267364501953,220,0.000959904573392123,,0.9882349967956543,0.061876699328422546,,,,
-0.1274494081735611,3,0.08226396143436432,0.009999999776482582,97.74372863769531,221,0.0008226396166719496,,0.9914761781692505,0.04641660675406456,,,,
-0.1049526035785675,3,0.07616773247718811,0.009999999776482582,97.7548828125,222,0.0007616773364134133,,0.9902043342590332,0.05794815346598625,,,,
-0.13173836469650269,3,0.09416856616735458,0.009999999776482582,97.76594543457031,223,0.0009416856337338686,,0.9943398237228394,0.050645068287849426,,,,
-0.11963378638029099,3,0.07101071625947952,0.009999999776482582,97.77638244628906,224,0.0007101071532815695,,0.9895690083503723,0.05562256649136543,,,,
-0.12007863819599152,3,0.0900316834449768,0.009999999776482582,97.78644561767578,225,0.0009003168088383973,,0.9908134937286377,0.059685856103897095,,,,
-0.12703321874141693,3,0.08250091969966888,0.009999999776482582,97.79609680175781,226,0.000825009192340076,,0.9961680769920349,0.03927002474665642,,,,
-0.12257564812898636,3,0.11466758698225021,0.009999999776482582,97.80592346191406,227,0.0011466757860034704,,0.9871593713760376,0.05189262330532074,,,,
-0.12194269895553589,3,0.1254812479019165,0.009999999776482582,97.81538391113281,228,0.0012548124650493264,,0.9870933294296265,0.06356023252010345,,,,
-0.12926897406578064,3,0.11133720725774765,0.009999999776482582,97.82454681396484,229,0.0011133720399811864,,0.9889699220657349,0.05677330121397972,,,,
-0.12067001312971115,3,0.08980594575405121,0.009999999776482582,97.8333969116211,230,0.0008980594575405121,,0.9923733472824097,0.050157058984041214,,,,
-0.13219872117042542,3,0.08402577042579651,0.009999999776482582,97.84203338623047,231,0.0008402576786465943,,0.9930480718612671,0.048638783395290375,,,,
-0.12418611347675323,3,0.0754789412021637,0.009999999776482582,97.85135650634766,232,0.000754789391066879,,0.9933323264122009,0.04856187477707863,,,,
-0.12593409419059753,3,0.07961653918027878,0.009999999776482582,97.86129760742188,233,0.0007961653755046427,,0.9924689531326294,0.047342557460069656,,,,
-0.10967736691236496,3,0.083973728120327,0.009999999776482582,97.87152862548828,234,0.000839737243950367,,0.9893050193786621,0.05614668130874634,,,,
-0.11794354766607285,3,0.11397344619035721,0.009999999776482582,97.88311004638672,235,0.0011397344060242176,,0.9834191203117371,0.057327043265104294,,,,
,3,,,,235,,,,,0.9923068284988403,0.042597446590662,0.9923029541969299,0.9923068284988403
,3,,,,235,,0.9906313419342041,,,,,,
-0.12402429431676865,4,0.0925743356347084,0.009999999776482582,97.89552307128906,236,0.0009257433121092618,,0.9916104674339294,0.05424299091100693,,,,
-0.11608389019966125,4,0.0926949679851532,0.009999999776482582,97.90811920166016,237,0.0009269496658816934,,0.9904118776321411,0.052419181913137436,,,,
-0.1205412894487381,4,0.08399926126003265,0.009999999776482582,97.92134857177734,238,0.0008399926009587944,,0.9914618730545044,0.047013889998197556,,,,
-0.12439803034067154,4,0.09005472809076309,0.009999999776482582,97.93421173095703,239,0.0009005472529679537,,0.9914872646331787,0.046362172812223434,,,,
-0.11581940203905106,4,0.0654737576842308,0.009999999776482582,97.94689178466797,240,0.0006547375814989209,,0.993478536605835,0.048692017793655396,,,,
-0.11228838562965393,4,0.09572717547416687,0.009999999776482582,97.95916748046875,241,0.000957271724473685,,0.9923134446144104,0.04699719324707985,,,,
-0.111365906894207,4,0.07265587896108627,0.009999999776482582,97.97071075439453,242,0.0007265587919391692,,0.9882301092147827,0.0502454899251461,,,,
-0.12518423795700073,4,0.08247161656618118,0.009999999776482582,97.98157501220703,243,0.0008247161749750376,,0.9967688918113708,0.03741687536239624,,,,
-0.115282341837883,4,0.08485905826091766,0.009999999776482582,97.99183654785156,244,0.0008485905709676445,,0.9960802793502808,0.042471181601285934,,,,
-0.1060560792684555,4,0.09039901942014694,0.009999999776482582,98.00137329101562,245,0.0009039901779033244,,0.9901437163352966,0.05425862967967987,,,,
-0.11671401560306549,4,0.07405762374401093,0.009999999776482582,98.01083374023438,246,0.0007405762444250286,,0.9953333139419556,0.04311253875494003,,,,
-0.10824795812368393,4,0.11913472414016724,0.009999999776482582,98.01984405517578,247,0.001191347255371511,,0.9922651052474976,0.0518345944583416,,,,
-0.11216466873884201,4,0.10280729085206985,0.009999999776482582,98.02882385253906,248,0.0010280729038640857,,0.9913608431816101,0.04849692061543465,,,,
-0.11547908931970596,4,0.09525196254253387,0.009999999776482582,98.03815460205078,249,0.0009525195928290486,,0.9946498870849609,0.04094011336565018,,,,
-0.11251088976860046,4,0.06436942517757416,0.009999999776482582,98.04821014404297,250,0.0006436942494474351,,0.9943827390670776,0.04109739512205124,,,,
-0.11165502667427063,4,0.09756312519311905,0.009999999776482582,98.057861328125,251,0.0009756312356330454,,0.9917672276496887,0.04888179898262024,,,,
-0.11738629639148712,4,0.12913185358047485,0.009999999776482582,98.06722259521484,252,0.0012913185637444258,,0.9913182854652405,0.04715678095817566,,,,
-0.10894206911325455,4,0.06428159773349762,0.009999999776482582,98.07675170898438,253,0.0006428159540519118,,0.9938196539878845,0.03897944092750549,,,,
-0.10618390887975693,4,0.07722881436347961,0.009999999776482582,98.08655548095703,254,0.0007722881273366511,,0.9917161464691162,0.03783266618847847,,,,
-0.11253298074007034,4,0.09083375334739685,0.009999999776482582,98.09732055664062,255,0.0009083375334739685,,0.9943091869354248,0.047072116285562515,,,,
-0.10643847286701202,4,0.07951658964157104,0.009999999776482582,98.10821533203125,256,0.0007951658917590976,,0.9905461072921753,0.04379227012395859,,,,
-0.10786005109548569,4,0.06954950094223022,0.009999999776482582,98.11925506591797,257,0.0006954949931241572,,0.9951978325843811,0.039731599390506744,,,,
-0.11081435531377792,4,0.09368059784173965,0.009999999776482582,98.13043212890625,258,0.0009368059691041708,,0.9944487810134888,0.04607023298740387,,,,
-0.10655885189771652,4,0.10922471433877945,0.009999999776482582,98.14154815673828,259,0.0010922470828518271,,0.9937273263931274,0.045333873480558395,,,,
-0.10963031649589539,4,0.06358545273542404,0.009999999776482582,98.15298461914062,260,0.0006358544924296439,,0.9968600869178772,0.03266197815537453,,,,
-0.10775098949670792,4,0.07451652735471725,0.009999999776482582,98.1644058227539,261,0.0007451652782037854,,0.992503821849823,0.04033808782696724,,,,
-0.11353108286857605,4,0.09840322285890579,0.009999999776482582,98.17601013183594,262,0.0009840321727097034,,0.9949712753295898,0.03938838094472885,,,,
-0.10862679779529572,4,0.05787631496787071,0.009999999776482582,98.1873550415039,263,0.0005787631380371749,,0.996538519859314,0.032607074826955795,,,,
-0.09742690622806549,4,0.10782430320978165,0.009999999776482582,98.19930267333984,264,0.0010782430181279778,,0.9878219962120056,0.06075338274240494,,,,
-0.09617792069911957,4,0.13310085237026215,0.009999999776482582,98.20950317382812,265,0.00133100850507617,,0.9884441494941711,0.06256981194019318,,,,
-0.10933772474527359,4,0.09473688155412674,0.009999999776482582,98.21902465820312,266,0.0009473687969148159,,0.9960694909095764,0.045003753155469894,,,,
-0.1071401834487915,4,0.07909166067838669,0.009999999776482582,98.2286376953125,267,0.0007909166160970926,,0.995229959487915,0.03480925038456917,,,,
-0.10992329567670822,4,0.09595686197280884,0.009999999776482582,98.2385025024414,268,0.0009595685987733305,,0.995364785194397,0.04100654646754265,,,,
-0.1021815687417984,4,0.10125355422496796,0.009999999776482582,98.24910736083984,269,0.0010125355329364538,,0.9872241020202637,0.051547519862651825,,,,
-0.1108015701174736,4,0.08309908211231232,0.009999999776482582,98.25977325439453,270,0.0008309907861985266,,0.9935348033905029,0.03880288079380989,,,,
-0.09922667592763901,4,0.10028564929962158,0.009999999776482582,98.270263671875,271,0.001002856413833797,,0.9914995431900024,0.038757458329200745,,,,
-0.10284686088562012,4,0.07533857971429825,0.009999999776482582,98.28092956542969,272,0.0007533857715316117,,0.9926350712776184,0.041382379829883575,,,,
-0.10699327290058136,4,0.09196140617132187,0.009999999776482582,98.29175567626953,273,0.0009196140454150736,,0.9917901754379272,0.04391449689865112,,,,
-0.10319074988365173,4,0.09993869066238403,0.009999999776482582,98.3031005859375,274,0.0009993868879973888,,0.9923464059829712,0.04847549647092819,,,,
-0.09955677390098572,4,0.08694930374622345,0.009999999776482582,98.3141098022461,275,0.0008694930002093315,,0.9914239048957825,0.040098585188388824,,,,
-0.09755326807498932,4,0.06962420791387558,0.009999999776482582,98.32573699951172,276,0.0006962420884519815,,0.9920527338981628,0.048906050622463226,,,,
-0.08864877372980118,4,0.08992700278759003,0.009999999776482582,98.3381576538086,277,0.0008992700022645295,,0.9881365895271301,0.054956819862127304,,,,
-0.08448278903961182,4,0.09268233925104141,0.009999999776482582,98.35110473632812,278,0.0009268233552575111,,0.9863383769989014,0.05762316286563873,,,,
-0.09986583888530731,4,0.08258330821990967,0.009999999776482582,98.36399841308594,279,0.0008258330635726452,,0.9902016520500183,0.04429692402482033,,,,
-0.10991319268941879,4,0.11027077585458755,0.009999999776482582,98.37665557861328,280,0.0011027076980099082,,0.9934327006340027,0.03951600193977356,,,,
-0.09544193744659424,4,0.09198038280010223,0.009999999776482582,98.389404296875,281,0.0009198038023896515,,0.9911492466926575,0.04263589531183243,,,,
-0.08630581200122833,4,0.07821526378393173,0.009999999776482582,98.40117645263672,282,0.0007821526378393173,,0.99137282371521,0.04926389455795288,,,,
-0.10360889136791229,4,0.0989462360739708,0.009999999776482582,98.41312408447266,283,0.0009894623653963208,,0.9941723346710205,0.038774631917476654,,,,
-0.10489466786384583,4,0.08704304695129395,0.009999999776482582,98.42469024658203,284,0.0008704304345883429,,0.9962531924247742,0.03367490693926811,,,,
-0.09860661625862122,4,0.05986349657177925,0.009999999776482582,98.43594360351562,285,0.0005986349424347281,,0.9989011287689209,0.02570018172264099,,,,
-0.08915747702121735,4,0.08100467920303345,0.009999999776482582,98.44697570800781,286,0.0008100467966869473,,0.9911690354347229,0.04551149904727936,,,,
-0.08651915937662125,4,0.08734454214572906,0.009999999776482582,98.45822143554688,287,0.0008734454168006778,,0.9910084009170532,0.044025253504514694,,,,
-0.08920460939407349,4,0.08904485404491425,0.009999999776482582,98.47000122070312,288,0.0008904485148377717,,0.9911030530929565,0.046647705137729645,,,,
-0.10129335522651672,4,0.0844668447971344,0.009999999776482582,98.48189544677734,289,0.0008446684223599732,,0.9892423152923584,0.043995972722768784,,,,
-0.10553108900785446,4,0.08578139543533325,0.009999999776482582,98.49413299560547,290,0.0008578139240853488,,0.9960293769836426,0.035221680998802185,,,,
-0.09896379709243774,4,0.09525346755981445,0.009999999776482582,98.50613403320312,291,0.0009525346686132252,,0.9915279150009155,0.040974583476781845,,,,
-0.09943558275699615,4,0.09262477606534958,0.009999999776482582,98.51801300048828,292,0.0009262477396987379,,0.9911649227142334,0.04433922469615936,,,,
-0.10390103608369827,4,0.123963363468647,0.009999999776482582,98.53016662597656,293,0.0012396336533129215,,0.9963705539703369,0.03840605542063713,,,,
-0.09062399715185165,4,0.1042696163058281,0.009999999776482582,98.54307556152344,294,0.0010426961816847324,,0.991932213306427,0.04325004294514656,,,,
,4,,,,294,,,,,0.9937302470207214,0.036844149231910706,0.9936935305595398,0.9937302470207214
,4,,,,294,,0.9925917387008667,,,,,,
-0.09554513543844223,5,0.0530184805393219,0.009999999776482582,98.555908203125,295,0.0005301847704686224,,0.9971129894256592,0.02754431962966919,,,,
-0.08761534094810486,5,0.07163666188716888,0.009999999776482582,98.56839752197266,296,0.000716366630513221,,0.9919444918632507,0.036741260439157486,,,,
-0.09483276307582855,5,0.07384983450174332,0.009999999776482582,98.58135986328125,297,0.0007384983473457396,,0.9910818338394165,0.0397639162838459,,,,
-0.09603021293878555,5,0.06713812798261642,0.009999999776482582,98.59436798095703,298,0.0006713812472298741,,0.9934812188148499,0.03711625188589096,,,,
-0.09003019332885742,5,0.07856909185647964,0.009999999776482582,98.6071548461914,299,0.0007856909069232643,,0.9928907155990601,0.049422696232795715,,,,
-0.09371615201234818,5,0.06455371528863907,0.009999999776482582,98.6192855834961,300,0.0006455371621996164,,0.99144047498703,0.03600716590881348,,,,
-0.09644128382205963,5,0.07708603888750076,0.009999999776482582,98.6307144165039,301,0.0007708603516221046,,0.9939274787902832,0.037107452750205994,,,,
-0.08924557268619537,5,0.07077411562204361,0.009999999776482582,98.64200592041016,302,0.0007077411282807589,,0.9931708574295044,0.03599749132990837,,,,
-0.09645568579435349,5,0.098444364964962,0.009999999776482582,98.65299224853516,303,0.0009844435844570398,,0.9946993589401245,0.039218973368406296,,,,
-0.08503663539886475,5,0.04921475797891617,0.009999999776482582,98.6635971069336,304,0.0004921475774608552,,0.9963395595550537,0.02785949967801571,,,,
-0.0821177214384079,5,0.0712791234254837,0.009999999776482582,98.67388916015625,305,0.0007127912249416113,,0.9952194690704346,0.03491297364234924,,,,
-0.07912547886371613,5,0.07302723824977875,0.009999999776482582,98.68364715576172,306,0.0007302723824977875,,0.9944576621055603,0.03615610674023628,,,,
-0.08242534101009369,5,0.07099008560180664,0.009999999776482582,98.69355773925781,307,0.0007099008653312922,,0.9939157962799072,0.03402479365468025,,,,
-0.08634084463119507,5,0.05899370461702347,0.009999999776482582,98.70401763916016,308,0.0005899370298720896,,0.9971915483474731,0.028527073562145233,,,,
-0.08990175276994705,5,0.07340880483388901,0.009999999776482582,98.71465301513672,309,0.0007340880110859871,,0.9930099844932556,0.04002860188484192,,,,
-0.08369331061840057,5,0.06381964683532715,0.009999999776482582,98.72541046142578,310,0.0006381964776664972,,0.9948388338088989,0.03651823103427887,,,,
-0.08597084134817123,5,0.08560752123594284,0.009999999776482582,98.73613739013672,311,0.0008560752030462027,,0.9926915168762207,0.03504113480448723,,,,
-0.08405015617609024,5,0.08653949201107025,0.009999999776482582,98.74700164794922,312,0.0008653948898427188,,0.9933315515518188,0.03342920541763306,,,,
-0.09310169517993927,5,0.09734857827425003,0.009999999776482582,98.75736236572266,313,0.0009734857594594359,,0.9941964149475098,0.03622894734144211,,,,
-0.09617727994918823,5,0.06473153084516525,0.009999999776482582,98.76753234863281,314,0.000647315289825201,,0.997374415397644,0.0282328762114048,,,,
-0.09621742367744446,5,0.09213081747293472,0.009999999776482582,98.77739715576172,315,0.0009213081793859601,,0.9932516813278198,0.03403753042221069,,,,
-0.08113425970077515,5,0.0876324474811554,0.009999999776482582,98.78713989257812,316,0.0008763244841247797,,0.9923920035362244,0.03744656592607498,,,,
-0.09246934205293655,5,0.06767216324806213,0.009999999776482582,98.79609680175781,317,0.000676721625495702,,0.9973667860031128,0.02843800187110901,,,,
-0.09340640157461166,5,0.05558009445667267,0.009999999776482582,98.80484008789062,318,0.000555800914298743,,0.99805748462677,0.027241546660661697,,,,
-0.08614000678062439,5,0.048408880829811096,0.009999999776482582,98.81298065185547,319,0.0004840887850150466,,0.9983188509941101,0.026387708261609077,,,,
-0.08472073078155518,5,0.07386883348226547,0.009999999776482582,98.82048797607422,320,0.0007386883371509612,,0.9947311282157898,0.03157980740070343,,,,
-0.08248474448919296,5,0.060332152992486954,0.009999999776482582,98.82849884033203,321,0.000603321532253176,,0.9931415915489197,0.03263301029801369,,,,
-0.08338905870914459,5,0.08051693439483643,0.009999999776482582,98.83683013916016,322,0.0008051693439483643,,0.9933829307556152,0.03285827487707138,,,,
-0.0813935399055481,5,0.058546096086502075,0.009999999776482582,98.84538269042969,323,0.0005854609189555049,,0.994884729385376,0.028642777353525162,,,,
-0.08591485023498535,5,0.08493741601705551,0.009999999776482582,98.8556137084961,324,0.0008493741624988616,,0.9913371205329895,0.04158497601747513,,,,
-0.07455719262361526,5,0.06820298731327057,0.009999999776482582,98.86625671386719,325,0.0006820298731327057,,0.9944255352020264,0.029812300577759743,,,,
-0.08267530798912048,5,0.07152863591909409,0.009999999776482582,98.87660217285156,326,0.000715286354534328,,0.9942163228988647,0.03331400454044342,,,,
-0.08678829669952393,5,0.08106489479541779,0.009999999776482582,98.88674926757812,327,0.0008106489549390972,,0.9907834529876709,0.03669270500540733,,,,
-0.08978231996297836,5,0.06510791182518005,0.009999999776482582,98.8968276977539,328,0.0006510791135951877,,0.9949014186859131,0.031718023121356964,,,,
-0.09109615534543991,5,0.056664615869522095,0.009999999776482582,98.9074478149414,329,0.0005666461656801403,,0.9950739741325378,0.030689533799886703,,,,
-0.08960618078708649,5,0.0705946832895279,0.009999999776482582,98.91815948486328,330,0.0007059468189254403,,0.9944877624511719,0.03444627672433853,,,,
-0.06352391093969345,5,0.07825233042240143,0.009999999776482582,98.92945861816406,331,0.0007825233042240143,,0.9863659143447876,0.04938296228647232,,,,
-0.08611439913511276,5,0.07355425506830215,0.009999999776482582,98.94112396240234,332,0.0007355425623245537,,0.993303120136261,0.029609551653265953,,,,
-0.07984880357980728,5,0.08153238147497177,0.009999999776482582,98.95269775390625,333,0.0008153237868100405,,0.9922890663146973,0.04031426087021828,,,,
-0.08091330528259277,5,0.09592793136835098,0.009999999776482582,98.96504211425781,334,0.0009592793066985905,,0.9938291907310486,0.03868485614657402,,,,
-0.08535021543502808,5,0.06324120610952377,0.009999999776482582,98.97626495361328,335,0.0006324120331555605,,0.9930330514907837,0.030125625431537628,,,,
-0.08131997287273407,5,0.07967410236597061,0.009999999776482582,98.98741149902344,336,0.000796740991063416,,0.9916337728500366,0.04043832793831825,,,,
-0.08964153379201889,5,0.1031496450304985,0.009999999776482582,98.99820709228516,337,0.0010314964456483722,,0.9912205934524536,0.03911856561899185,,,,
-0.07935008406639099,5,0.08920484781265259,0.009999999776482582,99.00862121582031,338,0.0008920484688133001,,0.9872822761535645,0.045169323682785034,,,,
-0.08031471818685532,5,0.058423757553100586,0.009999999776482582,99.01933288574219,339,0.0005842375685460865,,0.9924612045288086,0.02909049578011036,,,,
-0.08273323625326157,5,0.057879477739334106,0.009999999776482582,99.02999877929688,340,0.000578794744797051,,0.9961844682693481,0.02874729409813881,,,,
-0.07512186467647552,5,0.08183007687330246,0.009999999776482582,99.04066467285156,341,0.0008183007594197989,,0.9929578304290771,0.03403928503394127,,,,
-0.07580587267875671,5,0.08209577202796936,0.009999999776482582,99.0521011352539,342,0.000820957706309855,,0.9921173453330994,0.03603991121053696,,,,
-0.07911843806505203,5,0.09175727516412735,0.009999999776482582,99.06416320800781,343,0.0009175727027468383,,0.9958764314651489,0.0313800610601902,,,,
-0.08031871914863586,5,0.06211463361978531,0.009999999776482582,99.07681274414062,344,0.0006211463478393853,,0.9972378015518188,0.02903968095779419,,,,
-0.06802501529455185,5,0.07576167583465576,0.009999999776482582,99.08916473388672,345,0.0007576167699880898,,0.9913069009780884,0.036720599979162216,,,,
-0.08310122042894363,5,0.07775270193815231,0.009999999776482582,99.10118865966797,346,0.0007775269914418459,,0.9973578453063965,0.02642100118100643,,,,
-0.07029515504837036,5,0.08612610399723053,0.009999999776482582,99.11237335205078,347,0.0008612610399723053,,0.9913120269775391,0.0463530570268631,,,,
-0.08493425697088242,5,0.0819135382771492,0.009999999776482582,99.12368774414062,348,0.0008191353408619761,,0.9950240850448608,0.029668496921658516,,,,
-0.08368905633687973,5,0.06486530601978302,0.009999999776482582,99.13509368896484,349,0.0006486530182883143,,0.9932347536087036,0.030345790088176727,,,,
-0.08398274332284927,5,0.06830894201993942,0.009999999776482582,99.146240234375,350,0.0006830894271843135,,0.9952321648597717,0.027675770223140717,,,,
-0.06964574754238129,5,0.08745596557855606,0.009999999776482582,99.1570053100586,351,0.0008745596278458834,,0.9898963570594788,0.0435074120759964,,,,
-0.07712261378765106,5,0.08390181511640549,0.009999999776482582,99.16771697998047,352,0.000839018146507442,,0.9925171136856079,0.03517580404877663,,,,
-0.08380705118179321,5,0.09694213420152664,0.009999999776482582,99.17912292480469,353,0.0009694212931208313,,0.9935555458068848,0.03320461884140968,,,,
,5,,,,353,,,,,0.9938631057739258,0.03220554068684578,0.9939868450164795,0.9938631057739258
,5,,,,353,,0.9937009811401367,,,,,,
-0.08569226413965225,6,0.06749529391527176,0.009999999776482582,99.1910171508789,354,0.0006749529275111854,,0.9949322938919067,0.031623780727386475,,,,
-0.07830027490854263,6,0.06959807872772217,0.009999999776482582,99.20367431640625,355,0.000695980794262141,,0.9961364269256592,0.028321249410510063,,,,
-0.07502982020378113,6,0.0684334933757782,0.009999999776482582,99.21690368652344,356,0.000684334896504879,,0.9937258958816528,0.03130275756120682,,,,
-0.08037897199392319,6,0.06202224642038345,0.009999999776482582,99.22940063476562,357,0.0006202224758453667,,0.9971237182617188,0.028026433661580086,,,,
-0.07858828455209732,6,0.09381160885095596,0.009999999776482582,99.24107360839844,358,0.0009381160489283502,,0.9933528304100037,0.03493998572230339,,,,
-0.07790893316268921,6,0.06413711607456207,0.009999999776482582,99.25241088867188,359,0.0006413711234927177,,0.9953328371047974,0.028388651087880135,,,,
-0.07874636352062225,6,0.06285661458969116,0.009999999776482582,99.26366424560547,360,0.0006285661365836859,,0.9952495098114014,0.028845399618148804,,,,
-0.07196052372455597,6,0.056763868778944016,0.009999999776482582,99.27461242675781,361,0.0005676386645063758,,0.994367241859436,0.026521697640419006,,,,
-0.07478673756122589,6,0.059285473078489304,0.009999999776482582,99.28492736816406,362,0.0005928546888753772,,0.9922889471054077,0.027852442115545273,,,,
-0.08050504326820374,6,0.07981497049331665,0.009999999776482582,99.29564666748047,363,0.0007981496746651828,,0.9952720403671265,0.02704678103327751,,,,
-0.07411875575780869,6,0.06613871455192566,0.009999999776482582,99.30610656738281,364,0.0006613871082663536,,0.9943301677703857,0.02869301475584507,,,,
-0.072791688144207,6,0.10492265969514847,0.009999999776482582,99.31729125976562,365,0.0010492266155779362,,0.9901619553565979,0.0403006337583065,,,,
-0.08157993853092194,6,0.06904084235429764,0.009999999776482582,99.32856750488281,366,0.000690408400259912,,0.9989473819732666,0.025308683514595032,,,,
-0.07321727275848389,6,0.07061265408992767,0.009999999776482582,99.33958435058594,367,0.0007061265059746802,,0.9951432943344116,0.027902383357286453,,,,
-0.07836039364337921,6,0.07315347343683243,0.009999999776482582,99.35016632080078,368,0.0007315347320400178,,0.9956790208816528,0.02684500440955162,,,,
-0.07218518853187561,6,0.08887918293476105,0.009999999776482582,99.3607406616211,369,0.0008887918083928525,,0.996290385723114,0.028067845851182938,,,,
-0.07224670797586441,6,0.09364208579063416,0.009999999776482582,99.37156677246094,370,0.0009364208090119064,,0.9945845007896423,0.03183042258024216,,,,
-0.07532144337892532,6,0.04304901510477066,0.009999999776482582,99.38269805908203,371,0.0004304901522118598,,0.9981626272201538,0.020689707249403,,,,
-0.07573907822370529,6,0.061877526342868805,0.009999999776482582,99.39321899414062,372,0.0006187752587720752,,0.9958162307739258,0.026672836393117905,,,,
-0.07759521156549454,6,0.07336006313562393,0.009999999776482582,99.40389251708984,373,0.0007336006383411586,,0.9948439002037048,0.02682552859187126,,,,
-0.07166429609060287,6,0.06579545140266418,0.009999999776482582,99.41423034667969,374,0.0006579544860869646,,0.996159553527832,0.026848215609788895,,,,
-0.06475348025560379,6,0.06649443507194519,0.009999999776482582,99.42411041259766,375,0.0006649443530477583,,0.9938675165176392,0.03196787089109421,,,,
-0.0704885944724083,6,0.05354736000299454,0.009999999776482582,99.43440246582031,376,0.000535473576746881,,0.9956248998641968,0.026661906391382217,,,,
-0.06932823359966278,6,0.06014574319124222,0.009999999776482582,99.4450912475586,377,0.0006014574319124222,,0.9970136880874634,0.022185806185007095,,,,
-0.07129362225532532,6,0.051322322338819504,0.009999999776482582,99.45571899414062,378,0.0005132232327014208,,0.9980465173721313,0.021420389413833618,,,,
-0.057282913476228714,6,0.07039789110422134,0.009999999776482582,99.4660873413086,379,0.0007039788761176169,,0.9940639138221741,0.037841763347387314,,,,
-0.0700383335351944,6,0.06925474107265472,0.009999999776482582,99.47683715820312,380,0.0006925474153831601,,0.9957907795906067,0.023368634283542633,,,,
-0.07045255601406097,6,0.04734325408935547,0.009999999776482582,99.48723602294922,381,0.0004734325339086354,,1.0,0.017318645492196083,,,,
-0.07743621617555618,6,0.05423509702086449,0.009999999776482582,99.49797058105469,382,0.0005423509865067899,,0.9950886964797974,0.027635887265205383,,,,
-0.06272675096988678,6,0.06729640811681747,0.009999999776482582,99.5090103149414,383,0.000672964088153094,,0.993333637714386,0.032525308430194855,,,,
-0.05623198300600052,6,0.0912792980670929,0.009999999776482582,99.52069854736328,384,0.000912792980670929,,0.9888606667518616,0.04225144535303116,,,,
-0.06570257246494293,6,0.07141109555959702,0.009999999776482582,99.53186798095703,385,0.0007141109672375023,,0.9952583312988281,0.03006073459982872,,,,
-0.07204470783472061,6,0.05607571825385094,0.009999999776482582,99.54239654541016,386,0.0005607571802102029,,0.9962359666824341,0.02463892474770546,,,,
-0.06639891862869263,6,0.08110958337783813,0.009999999776482582,99.55342102050781,387,0.0008110958151519299,,0.9953516721725464,0.022884411737322807,,,,
-0.06873828917741776,6,0.0846417099237442,0.009999999776482582,99.56341552734375,388,0.0008464170969091356,,0.993086576461792,0.034932155162096024,,,,
-0.07067985832691193,6,0.08048730343580246,0.009999999776482582,99.57273864746094,389,0.0008048730087466538,,0.9923943281173706,0.030048970133066177,,,,
-0.0806967094540596,6,0.10611291229724884,0.009999999776482582,99.58147430419922,390,0.0010611291509121656,,0.9944674968719482,0.03281750530004501,,,,
-0.0707763284444809,6,0.09686268866062164,0.009999999776482582,99.59075164794922,391,0.0009686268749646842,,0.9920327067375183,0.03761201724410057,,,,
-0.07123494148254395,6,0.09419950842857361,0.009999999776482582,99.60042572021484,392,0.0009419950656592846,,0.9955350756645203,0.032254237681627274,,,,
-0.06381289660930634,6,0.06740979850292206,0.009999999776482582,99.61084747314453,393,0.0006740979733876884,,0.9955214262008667,0.027897896245121956,,,,
-0.0743446871638298,6,0.0718420073390007,0.009999999776482582,99.6223373413086,394,0.0007184200803749263,,0.9944274425506592,0.03311911225318909,,,,
-0.0718551054596901,6,0.06620388478040695,0.009999999776482582,99.63509368896484,395,0.0006620388594456017,,0.9949475526809692,0.027662143111228943,,,,
-0.08061085641384125,6,0.10420215874910355,0.009999999776482582,99.6490707397461,396,0.0010420215548947453,,0.9956421852111816,0.03214622661471367,,,,
-0.07241363823413849,6,0.06875158101320267,0.009999999776482582,99.66344451904297,397,0.0006875157705508173,,0.9961408972740173,0.024430179968476295,,,,
-0.062090493738651276,6,0.060541246086359024,0.009999999776482582,99.6784896850586,398,0.0006054124678485096,,0.9936248064041138,0.027672460302710533,,,,
-0.07159729301929474,6,0.057744793593883514,0.009999999776482582,99.6937026977539,399,0.0005774479359388351,,0.9942039847373962,0.025704126805067062,,,,
-0.06847062706947327,6,0.08922689408063889,0.009999999776482582,99.7094497680664,400,0.0008922689012251794,,0.9881700277328491,0.04097122699022293,,,,
-0.06764281541109085,6,0.05208611860871315,0.009999999776482582,99.72471618652344,401,0.0005208611837588251,,0.9961565732955933,0.026651540771126747,,,,
-0.06566126644611359,6,0.0665757805109024,0.009999999776482582,99.73844909667969,402,0.000665757805109024,,0.9942699670791626,0.027698716148734093,,,,
-0.06883805990219116,6,0.07777252793312073,0.009999999776482582,99.75157928466797,403,0.0007777252467349172,,0.9950027465820312,0.027202853932976723,,,,
-0.07327640801668167,6,0.07038647681474686,0.009999999776482582,99.76412200927734,404,0.0007038647308945656,,0.9945377111434937,0.032426618039608,,,,
-0.06935722380876541,6,0.051867950707674026,0.009999999776482582,99.77581024169922,405,0.0005186795024201274,,0.9961747527122498,0.02060140110552311,,,,
-0.06497727334499359,6,0.0837186947464943,0.009999999776482582,99.7870864868164,406,0.0008371869334951043,,0.9916077256202698,0.03732480853796005,,,,
-0.06705374270677567,6,0.06958703696727753,0.009999999776482582,99.79782104492188,407,0.0006958703743293881,,0.9932696223258972,0.025958098471164703,,,,
-0.06565388292074203,6,0.058631982654333115,0.009999999776482582,99.80889129638672,408,0.000586319831199944,,0.9943600296974182,0.030983753502368927,,,,
-0.06053539365530014,6,0.06594939529895782,0.009999999776482582,99.82025146484375,409,0.000659493962302804,,0.9948798418045044,0.024535419419407845,,,,
-0.05306912213563919,6,0.07039559632539749,0.009999999776482582,99.83147430419922,410,0.000703955942299217,,0.99297696352005,0.03362952917814255,,,,
-0.06368984282016754,6,0.050086766481399536,0.009999999776482582,99.8424072265625,411,0.0005008676671423018,,0.9971401691436768,0.026749299839138985,,,,
-0.06811658293008804,6,0.08812569081783295,0.009999999776482582,99.85442352294922,412,0.0008812568848952651,,0.9915603995323181,0.0371566116809845,,,,
,6,,,,412,,,,,0.9903097748756409,0.03642921894788742,0.9906774163246155,0.9903097748756409
,6,,,,412,,0.9947434663772583,,,,,,
-0.06506646424531937,7,0.05354977771639824,0.009999999776482582,99.86637878417969,413,0.000535497791133821,,0.9971619844436646,0.022220715880393982,,,,
-0.06870691478252411,7,0.04881349951028824,0.009999999776482582,99.87825012207031,414,0.00048813497414812446,,0.9960942268371582,0.02252686768770218,,,,
-0.059539783746004105,7,0.09339849650859833,0.009999999776482582,99.89025115966797,415,0.0009339849348179996,,0.9931636452674866,0.035930074751377106,,,,
-0.06693267077207565,7,0.07138369977474213,0.009999999776482582,99.90335845947266,416,0.0007138369837775826,,0.9949874877929688,0.027061475440859795,,,,
-0.06766156852245331,7,0.054215285927057266,0.009999999776482582,99.9160385131836,417,0.0005421528476290405,,0.9969504475593567,0.020946182310581207,,,,
-0.061191413551568985,7,0.044961705803871155,0.009999999776482582,99.92897033691406,418,0.00044961704406887293,,0.9979056715965271,0.0208294540643692,,,,
-0.06200030446052551,7,0.049941204488277435,0.009999999776482582,99.94161224365234,419,0.0004994120099581778,,0.9960800409317017,0.02088560350239277,,,,
-0.05419784411787987,7,0.06435596197843552,0.009999999776482582,99.95380401611328,420,0.0006435596151277423,,0.9907991290092468,0.039004988968372345,,,,
-0.07278381288051605,7,0.0554877407848835,0.009999999776482582,99.96551513671875,421,0.0005548773915506899,,0.9980465173721313,0.023796364665031433,,,,
-0.05992421135306358,7,0.07274241000413895,0.009999999776482582,99.97724151611328,422,0.0007274241070263088,,0.9934015274047852,0.031523607671260834,,,,
-0.0698724016547203,7,0.065274678170681,0.009999999776482582,99.98927307128906,423,0.0006527467630803585,,0.992293119430542,0.028424706310033798,,,,
-0.06906119734048843,7,0.05481799691915512,0.009999999776482582,100.00170135498047,424,0.0005481799598783255,,0.9972809553146362,0.02503805421292782,,,,
-0.0668511688709259,7,0.051121462136507034,0.009999999776482582,100.01382446289062,425,0.0005112146027386189,,0.9989583492279053,0.01773361675441265,,,,
-0.06897587329149246,7,0.05090462416410446,0.009999999776482582,100.02616119384766,426,0.0005090462509542704,,0.9970992803573608,0.018643725663423538,,,,
-0.055708374828100204,7,0.05805013328790665,0.009999999776482582,100.03834533691406,427,0.0005805013352073729,,0.9933823943138123,0.028922848403453827,,,,
-0.0637451708316803,7,0.056097690016031265,0.009999999776482582,100.05101776123047,428,0.0005609769141301513,,0.9963384866714478,0.02486453950405121,,,,
-0.06496059894561768,7,0.07037944346666336,0.009999999776482582,100.06362915039062,429,0.0007037944160401821,,0.9961991310119629,0.021950192749500275,,,,
-0.06681957840919495,7,0.07133068889379501,0.009999999776482582,100.07627868652344,430,0.0007133068866096437,,0.9933634996414185,0.030760830268263817,,,,
-0.06187441200017929,7,0.04503536969423294,0.009999999776482582,100.08869171142578,431,0.0004503536911215633,,0.9971887469291687,0.01855962909758091,,,,
-0.058783240616321564,7,0.03776317089796066,0.009999999776482582,100.10090637207031,432,0.0003776316880248487,,0.9981818199157715,0.015601122751832008,,,,
-0.06465672701597214,7,0.0805445984005928,0.009999999776482582,100.11203002929688,433,0.0008054459467530251,,0.9951096773147583,0.02531522326171398,,,,
-0.060974061489105225,7,0.06379875540733337,0.009999999776482582,100.12269592285156,434,0.0006379875121638179,,0.9932242631912231,0.024142956361174583,,,,
-0.05711755529046059,7,0.05006761476397514,0.009999999776482582,100.13350677490234,435,0.0005006761639378965,,0.9951910376548767,0.02155218832194805,,,,
-0.06043848767876625,7,0.051783423870801926,0.009999999776482582,100.14330291748047,436,0.000517834210768342,,0.9963712692260742,0.01981220953166485,,,,
-0.06377741694450378,7,0.062034305185079575,0.009999999776482582,100.1539077758789,437,0.0006203430239111185,,0.9943552613258362,0.02341817319393158,,,,
-0.0647592768073082,7,0.043205875903367996,0.009999999776482582,100.16402435302734,438,0.0004320587613619864,,0.999193549156189,0.015999093651771545,,,,
-0.05787520110607147,7,0.07069951295852661,0.009999999776482582,100.17383575439453,439,0.0007069951388984919,,0.9939915537834167,0.031656622886657715,,,,
-0.06090053915977478,7,0.06236192584037781,0.009999999776482582,100.18379211425781,440,0.000623619242105633,,0.9944967031478882,0.02885226532816887,,,,
-0.05990516394376755,7,0.05716075003147125,0.009999999776482582,100.19483184814453,441,0.0005716074956580997,,0.9944444298744202,0.024885917082428932,,,,
-0.05685480684041977,7,0.02266654744744301,0.009999999776482582,100.20545959472656,442,0.0002266654628328979,,1.0,0.011181548237800598,,,,
-0.060703691095113754,7,0.03863908350467682,0.009999999776482582,100.21566772460938,443,0.0003863908350467682,,0.9983193874359131,0.015139341354370117,,,,
-0.056022945791482925,7,0.050670742988586426,0.009999999776482582,100.2253646850586,444,0.0005067074089311063,,0.9963354468345642,0.023768417537212372,,,,
-0.055735133588314056,7,0.05270085483789444,0.009999999776482582,100.23521423339844,445,0.0005270085530355573,,0.9961786270141602,0.022478971630334854,,,,
-0.05763474851846695,7,0.06760132312774658,0.009999999776482582,100.24478149414062,446,0.0006760132382623851,,0.9930750131607056,0.025991780683398247,,,,
-0.04220987483859062,7,0.0724690780043602,0.009999999776482582,100.25492095947266,447,0.0007246907916851342,,0.9913779497146606,0.03896157816052437,,,,
-0.05284040421247482,7,0.05692261829972267,0.009999999776482582,100.265869140625,448,0.0005692261620424688,,0.9962998032569885,0.021516382694244385,,,,
-0.057339880615472794,7,0.07270782440900803,0.009999999776482582,100.27729797363281,449,0.000727078237105161,,0.996199369430542,0.024918081238865852,,,,
-0.06492684781551361,7,0.04431317374110222,0.009999999776482582,100.28905487060547,450,0.00044313172111287713,,0.9970515966415405,0.01896037720143795,,,,
-0.05889153853058815,7,0.08029788732528687,0.009999999776482582,100.3002700805664,451,0.0008029788732528687,,0.9920346736907959,0.028190139681100845,,,,
-0.058762695640325546,7,0.08262363076210022,0.009999999776482582,100.31108856201172,452,0.0008262362680397928,,0.9953246116638184,0.023846574127674103,,,,
-0.054383210837841034,7,0.07755091041326523,0.009999999776482582,100.32156372070312,453,0.0007755091064609587,,0.9953981637954712,0.030762456357479095,,,,
-0.05352868139743805,7,0.05759656801819801,0.009999999776482582,100.33194732666016,454,0.0005759656778536737,,0.9965280294418335,0.021409466862678528,,,,
-0.0681576207280159,7,0.04520902410149574,0.009999999776482582,100.3427963256836,455,0.00045209022937342525,,0.9992908239364624,0.017884697765111923,,,,
-0.062310151755809784,7,0.05485616996884346,0.009999999776482582,100.3537368774414,456,0.000548561685718596,,0.9958630800247192,0.021469654515385628,,,,
-0.05745159834623337,7,0.082232266664505,0.009999999776482582,100.36421203613281,457,0.0008223226759582758,,0.9930945038795471,0.03034592978656292,,,,
-0.06082300841808319,7,0.04994596168398857,0.009999999776482582,100.37517547607422,458,0.000499459623824805,,0.9949829578399658,0.02252678945660591,,,,
-0.06091398373246193,7,0.06228209286928177,0.009999999776482582,100.38556671142578,459,0.0006228209240362048,,0.9970009326934814,0.019305652007460594,,,,
-0.05723061040043831,7,0.07657962292432785,0.009999999776482582,100.39669799804688,460,0.0007657962269149721,,0.9913910627365112,0.029345106333494186,,,,
-0.050262030214071274,7,0.0894501656293869,0.009999999776482582,100.4071273803711,461,0.0008945016306824982,,0.9919452667236328,0.03435062617063522,,,,
-0.056036897003650665,7,0.07434935122728348,0.009999999776482582,100.41903686523438,462,0.0007434934959746897,,0.9943400621414185,0.028846360743045807,,,,
-0.05437203496694565,7,0.0682256817817688,0.009999999776482582,100.43102264404297,463,0.0006822568248026073,,0.992257297039032,0.02684042975306511,,,,
-0.05286385864019394,7,0.06580975651741028,0.009999999776482582,100.44387817382812,464,0.0006580975605174899,,0.9962249994277954,0.025416020303964615,,,,
-0.05568269267678261,7,0.07403366267681122,0.009999999776482582,100.45612335205078,465,0.0007403366034850478,,0.9954406023025513,0.02573809213936329,,,,
-0.055345430970191956,7,0.07656939327716827,0.009999999776482582,100.46951293945312,466,0.0007656938978470862,,0.9944124221801758,0.028857165947556496,,,,
-0.054530173540115356,7,0.04321175441145897,0.009999999776482582,100.48307037353516,467,0.00043211752199567854,,0.9970434904098511,0.01807728223502636,,,,
-0.040992774069309235,7,0.07393882423639297,0.009999999776482582,100.49639129638672,468,0.0007393882260657847,,0.992419421672821,0.036042720079422,,,,
-0.06801828742027283,7,0.06606584787368774,0.009999999776482582,100.50944519042969,469,0.0006606584647670388,,0.9977241158485413,0.020766116678714752,,,,
-0.062000226229429245,7,0.07835409790277481,0.009999999776482582,100.5219497680664,470,0.0007835409487597644,,0.9931830763816833,0.024507256224751472,,,,
-0.060712892562150955,7,0.08583274483680725,0.009999999776482582,100.5334243774414,471,0.0008583274320699275,,0.9938310384750366,0.02936735190451145,,,,
,7,,,,471,,,,,0.9918855428695679,0.0373818501830101,0.9919694066047668,0.9918855428695679
,7,,,,471,,0.9953635334968567,,,,,,
-0.062267906963825226,8,0.062828928232193,0.009999999776482582,100.54507446289062,472,0.0006282892427407205,,0.998199999332428,0.02042476087808609,,,,
-0.05166124925017357,8,0.07240014523267746,0.009999999776482582,100.55701446533203,473,0.000724001438356936,,0.9950704574584961,0.02452303282916546,,,,
-0.05765632912516594,8,0.05293711647391319,0.009999999776482582,100.56918334960938,474,0.000529371143784374,,0.997025191783905,0.021701496094465256,,,,
-0.057379014790058136,8,0.05344891548156738,0.009999999776482582,100.58202362060547,475,0.0005344891687855124,,0.9980580806732178,0.019541556015610695,,,,
-0.06283974647521973,8,0.04189828783273697,0.009999999776482582,100.59525299072266,476,0.00041898287599906325,,0.9990741014480591,0.016774874180555344,,,,
-0.05739046633243561,8,0.052233222872018814,0.009999999776482582,100.60847473144531,477,0.0005223322077654302,,0.997083306312561,0.019733255729079247,,,,
-0.053752291947603226,8,0.06443685293197632,0.009999999776482582,100.62256622314453,478,0.0006443685269914567,,0.9941680431365967,0.022514941170811653,,,,
-0.05792480707168579,8,0.05180089548230171,0.009999999776482582,100.63668823242188,479,0.0005180089501664042,,0.9965954422950745,0.021059833467006683,,,,
-0.05436336621642113,8,0.058232542127370834,0.009999999776482582,100.65068817138672,480,0.0005823253886774182,,0.9940285682678223,0.021709086373448372,,,,
-0.057536110281944275,8,0.07982024550437927,0.009999999776482582,100.6639404296875,481,0.0007982024108059704,,0.9952749013900757,0.021820252761244774,,,,
-0.05901386961340904,8,0.059942577034235,0.009999999776482582,100.67726135253906,482,0.0005994257517158985,,0.9956744909286499,0.019726812839508057,,,,
-0.053448185324668884,8,0.06040031835436821,0.009999999776482582,100.68963623046875,483,0.0006040031439624727,,0.9962453842163086,0.020213603973388672,,,,
-0.05676381662487984,8,0.04926329478621483,0.009999999776482582,100.70140075683594,484,0.0004926329129375517,,0.9971845746040344,0.01839028112590313,,,,
-0.0565490648150444,8,0.06953547894954681,0.009999999776482582,100.71345520019531,485,0.0006953547708690166,,0.9963374137878418,0.02164175547659397,,,,
-0.046822693198919296,8,0.05557350441813469,0.009999999776482582,100.72553253173828,486,0.000555735023226589,,0.9951013326644897,0.022590884938836098,,,,
-0.05819922685623169,8,0.04838109388947487,0.009999999776482582,100.7376708984375,487,0.00048381093074567616,,0.9981482028961182,0.017386319115757942,,,,
-0.04664148390293121,8,0.04992910847067833,0.009999999776482582,100.74970245361328,488,0.0004992910544387996,,0.9964015483856201,0.01880662329494953,,,,
-0.05098322406411171,8,0.06338595598936081,0.009999999776482582,100.76087188720703,489,0.0006338595412671566,,0.9953341484069824,0.021350111812353134,,,,
-0.05282968655228615,8,0.04460630193352699,0.009999999776482582,100.77161407470703,490,0.00044606300070881844,,0.9981890916824341,0.01742042414844036,,,,
-0.054129667580127716,8,0.07454883307218552,0.009999999776482582,100.78177642822266,491,0.0007454883307218552,,0.9924973249435425,0.022714117541909218,,,,
-0.052469950169324875,8,0.04666636511683464,0.009999999776482582,100.7916259765625,492,0.0004666636523324996,,0.9964628219604492,0.02678433060646057,,,,
-0.06063875928521156,8,0.04887368530035019,0.009999999776482582,100.80120849609375,493,0.0004887368413619697,,0.9973039627075195,0.019426986575126648,,,,
-0.05474134907126427,8,0.07276473194360733,0.009999999776482582,100.81050109863281,494,0.000727647275198251,,0.9936124086380005,0.023963095620274544,,,,
-0.056006334722042084,8,0.08324319124221802,0.009999999776482582,100.8205795288086,495,0.0008324318914674222,,0.993202269077301,0.02593310736119747,,,,
-0.05557221174240112,8,0.05431749299168587,0.009999999776482582,100.83065795898438,496,0.00054317491594702,,0.9960740804672241,0.01807526685297489,,,,
-0.04972795769572258,8,0.07621234655380249,0.009999999776482582,100.84077453613281,497,0.0007621234399266541,,0.9960447549819946,0.025548521429300308,,,,
-0.054304298013448715,8,0.07097022235393524,0.009999999776482582,100.85147094726562,498,0.0007097022025845945,,0.9949923753738403,0.02316269278526306,,,,
-0.05274815857410431,8,0.058588337153196335,0.009999999776482582,100.86272430419922,499,0.0005858833319507539,,0.9973177909851074,0.020001115277409554,,,,
-0.04766028746962547,8,0.06748189777135849,0.009999999776482582,100.87499237060547,500,0.0006748189916834235,,0.9951386451721191,0.02823556587100029,,,,
-0.04906640201807022,8,0.039415713399648666,0.009999999776482582,100.88674926757812,501,0.00039415713399648666,,0.9970055818557739,0.015361309051513672,,,,
-0.05474723130464554,8,0.037233032286167145,0.009999999776482582,100.89836883544922,502,0.00037233030889183283,,1.0,0.013334987685084343,,,,
-0.047422897070646286,8,0.07690699398517609,0.009999999776482582,100.90922546386719,503,0.0007690699421800673,,0.9930905699729919,0.024255139753222466,,,,
-0.05427335575222969,8,0.04966810345649719,0.009999999776482582,100.92023468017578,504,0.0004966810229234397,,0.9980583190917969,0.01608884520828724,,,,
-0.05159313231706619,8,0.05697338655591011,0.009999999776482582,100.93115234375,505,0.000569733849260956,,0.993963360786438,0.020552318543195724,,,,
-0.05136263743042946,8,0.041500091552734375,0.009999999776482582,100.94190216064453,506,0.0004150009190198034,,0.9982407689094543,0.01465961430221796,,,,
-0.04687231779098511,8,0.06026766449213028,0.009999999776482582,100.95252990722656,507,0.0006026766495779157,,0.9950987100601196,0.02254561148583889,,,,
-0.04848485067486763,8,0.030921222642064095,0.009999999776482582,100.96324157714844,508,0.00030921222059987485,,1.0,0.01158133614808321,,,,
-0.047865498811006546,8,0.06945788115262985,0.009999999776482582,100.97428894042969,509,0.0006945788045413792,,0.9978944659233093,0.019640697166323662,,,,
-0.049693744629621506,8,0.047079987823963165,0.009999999776482582,100.9856185913086,510,0.00047079985961318016,,0.997134804725647,0.014966228045523167,,,,
-0.055782973766326904,8,0.04234028980135918,0.009999999776482582,100.99616241455078,511,0.0004234028747305274,,0.997752845287323,0.01615028642117977,,,,
-0.05354661867022514,8,0.07107590138912201,0.009999999776482582,101.005615234375,512,0.0007107590208761394,,0.9940332174301147,0.02406829223036766,,,,
-0.046846531331539154,8,0.07922837883234024,0.009999999776482582,101.01647186279297,513,0.0007922837976366282,,0.9922598004341125,0.03050386905670166,,,,
-0.05098551884293556,8,0.06580349802970886,0.009999999776482582,101.02705383300781,514,0.0006580349872820079,,0.9959676265716553,0.022713178768754005,,,,
-0.04303516075015068,8,0.0623503103852272,0.009999999776482582,101.03768157958984,515,0.0006235031178221107,,0.9942123889923096,0.018981140106916428,,,,
-0.04815797135233879,8,0.05089648813009262,0.009999999776482582,101.04811096191406,516,0.0005089648766443133,,0.9989583492279053,0.015958087518811226,,,,
-0.03820494934916496,8,0.04583814740180969,0.009999999776482582,101.05888366699219,517,0.0004583814588841051,,0.9963616728782654,0.023936431854963303,,,,
-0.04378879442811012,8,0.055286429822444916,0.009999999776482582,101.06986999511719,518,0.0005528642795979977,,0.9951456785202026,0.021122010424733162,,,,
-0.04811315983533859,8,0.040723491460084915,0.009999999776482582,101.080322265625,519,0.0004072349111083895,,0.9983673095703125,0.013248302042484283,,,,
-0.04678672179579735,8,0.05177461728453636,0.009999999776482582,101.09040832519531,520,0.0005177461425773799,,0.9935199618339539,0.021519804373383522,,,,
-0.04840873181819916,8,0.06326304376125336,0.009999999776482582,101.10022735595703,521,0.0006326304282993078,,0.9931859374046326,0.024028966203331947,,,,
-0.05207415297627449,8,0.08508492261171341,0.009999999776482582,101.11023712158203,522,0.0008508492028340697,,0.9952607750892639,0.01861857995390892,,,,
-0.04570263251662254,8,0.06551793217658997,0.009999999776482582,101.12092590332031,523,0.0006551793194375932,,0.9962615370750427,0.025140119716525078,,,,
-0.051422324031591415,8,0.06894052028656006,0.009999999776482582,101.13145446777344,524,0.0006894051912240684,,0.9968453645706177,0.01805037260055542,,,,
-0.05049518868327141,8,0.03808164596557617,0.009999999776482582,101.14221954345703,525,0.00038081646198406816,,0.9984848499298096,0.01395304687321186,,,,
-0.047269053757190704,8,0.04432075470685959,0.009999999776482582,101.1535873413086,526,0.0004432075365912169,,0.9960614442825317,0.015180129557847977,,,,
-0.04877282679080963,8,0.031026076525449753,0.009999999776482582,101.16439056396484,527,0.0003102607442997396,,0.9981203675270081,0.01435886975377798,,,,
-0.04533591866493225,8,0.05471915751695633,0.009999999776482582,101.17491149902344,528,0.0005471915355883539,,0.9959796071052551,0.022721726447343826,,,,
-0.042082350701093674,8,0.053131941705942154,0.009999999776482582,101.18539428710938,529,0.0005313194124028087,,0.9930332899093628,0.02549704909324646,,,,
-0.04165060445666313,8,0.07630204409360886,0.009999999776482582,101.19744873046875,530,0.0007630204199813306,,0.9951316714286804,0.020658092573285103,,,,
